pos,nombre_imagen,id_probeta
106,P7_C1_G40_Recorte_Recorte_C_3.4.tiff,7
95,P7_C2_G40_Recorte_Recorte_A1_1.3.tiff,7
99,P7_C2_G40_Recorte_Recorte_C_3.3.tiff,7
641,P7_C1_G120_Recorte_Recorte_A2_1.3.tiff,7
641,P7_C1_G120_Recorte_Recorte_A2_1.3.tiff,7
902,P7_C1_G180_Recorte_Recorte_A1_1.4.tiff,7
226,P7_C1_G40_Recorte_Recorte_B_2.2.tiff,7
355,P7_C1_G80_Recorte_Recorte_B_2.6.tiff,7
146,P7_C2_G40_Recorte_Recorte_A1_1.4.tiff,7
384,P7_C1_G80_Recorte_Recorte_B_2.2.tiff,7
164,P7_C2_G40_Recorte_Recorte_A1_1.2.tiff,7
825,P7_C1_G180_Recorte_Recorte_A2_1.2.tiff,7
660,P7_C1_G120_Recorte_Recorte_C_3.5.tiff,7
682,P7_C1_G120_Recorte_Recorte_A2_1.1.tiff,7
986,P7_C2_G180_Recorte_Recorte_A1_1.4.tiff,7
915,P7_C2_G180_Recorte_Recorte_B_2.1.tiff,7
283,P7_C2_G80_Recorte_Recorte_C_3.1.tiff,7
639,P7_C2_G120_Recorte_Recorte_A2_1.6.tiff,7
894,P7_C1_G180_Recorte_Recorte_A1_1.5.tiff,7
981,P7_C2_G180_Recorte_Recorte_B_2.2.tiff,7
242,P7_C1_G40_Recorte_Recorte_A1_1.4.tiff,7
894,P7_C1_G180_Recorte_Recorte_A1_1.5.tiff,7
343,P7_C1_G80_Recorte_Recorte_C_3.5.tiff,7
560,P7_C2_G120_Recorte_Recorte_A1_1.3.tiff,7
986,P7_C2_G180_Recorte_Recorte_A1_1.4.tiff,7
283,P7_C2_G80_Recorte_Recorte_C_3.1.tiff,7
168,P7_C2_G40_Recorte_Recorte_B_2.3.tiff,7
299,P7_C1_G80_Recorte_Recorte_C_3.3.tiff,7
292,P7_C1_G80_Recorte_Recorte_C_3.4.tiff,7
248,P7_C1_G40_Recorte_Recorte_A1_1.1.tiff,7
419,P7_C2_G80_Recorte_Recorte_A2_1.1.tiff,7
639,P7_C2_G120_Recorte_Recorte_A2_1.6.tiff,7
655,P7_C1_G120_Recorte_Recorte_C_3.4.tiff,7
384,P7_C1_G80_Recorte_Recorte_B_2.2.tiff,7
782,P7_C1_G180_Recorte_Recorte_B_2.3.tiff,7
348,P7_C1_G80_Recorte_Recorte_A1_1.5.tiff,7
238,P7_C2_G40_Recorte_Recorte_B_2.1.tiff,7
992,P7_C2_G180_Recorte_Recorte_A1_1.1.tiff,7
362,P7_C2_G80_Recorte_Recorte_B_2.6.tiff,7
353,P7_C1_G80_Recorte_Recorte_B_2.1.tiff,7
554,P7_C1_G120_Recorte_Recorte_B_2.5.tiff,7
538,P7_C1_G120_Recorte_Recorte_B_2.1.tiff,7
810,P7_C1_G180_Recorte_Recorte_B_2.4.tiff,7
485,P7_C1_G80_Recorte_Recorte_A1_1.4.tiff,7
981,P7_C2_G180_Recorte_Recorte_B_2.2.tiff,7
869,P7_C2_G180_Recorte_Recorte_A1_1.6.tiff,7
226,P7_C1_G40_Recorte_Recorte_B_2.2.tiff,7
894,P7_C1_G180_Recorte_Recorte_A1_1.5.tiff,7
586,P7_C2_G120_Recorte_Recorte_B_2.3.tiff,7
320,P7_C2_G80_Recorte_Recorte_C_3.2.tiff,7
609,P7_C1_G120_Recorte_Recorte_A1_1.4.tiff,7
154,P7_C1_G40_Recorte_Recorte_B_2.6.tiff,7
283,P7_C2_G80_Recorte_Recorte_C_3.1.tiff,7
355,P7_C1_G80_Recorte_Recorte_B_2.6.tiff,7
207,P7_C1_G40_Recorte_Recorte_A2_1.5.tiff,7
630,P7_C2_G120_Recorte_Recorte_B_2.5.tiff,7
349,P7_C1_G80_Recorte_Recorte_A2_1.5.tiff,7
863,P7_C2_G180_Recorte_Recorte_C_3.6.tiff,7
870,P7_C2_G180_Recorte_Recorte_A2_1.6.tiff,7
168,P7_C2_G40_Recorte_Recorte_B_2.3.tiff,7
734,P7_C2_G120_Recorte_Recorte_C_3.4.tiff,7
915,P7_C2_G180_Recorte_Recorte_B_2.1.tiff,7
888,P7_C2_G180_Recorte_Recorte_A1_1.2.tiff,7
924,P7_C2_G180_Recorte_Recorte_A2_1.3.tiff,7
825,P7_C1_G180_Recorte_Recorte_A2_1.2.tiff,7
641,P7_C1_G120_Recorte_Recorte_A2_1.3.tiff,7
682,P7_C1_G120_Recorte_Recorte_A2_1.1.tiff,7
263,P7_C2_G80_Recorte_Recorte_C_3.4.tiff,7
537,P7_C1_G120_Recorte_Recorte_B_2.6.tiff,7
630,P7_C2_G120_Recorte_Recorte_B_2.5.tiff,7
418,P7_C2_G80_Recorte_Recorte_A1_1.1.tiff,7
416,P7_C2_G80_Recorte_Recorte_A2_1.3.tiff,7
393,P7_C2_G80_Recorte_Recorte_B_2.5.tiff,7
172,P7_C2_G40_Recorte_Recorte_C_3.1.tiff,7
895,P7_C1_G180_Recorte_Recorte_A2_1.5.tiff,7
95,P7_C2_G40_Recorte_Recorte_A1_1.3.tiff,7
349,P7_C1_G80_Recorte_Recorte_A2_1.5.tiff,7
238,P7_C2_G40_Recorte_Recorte_B_2.1.tiff,7
588,P7_C1_G120_Recorte_Recorte_A1_1.2.tiff,7
299,P7_C1_G80_Recorte_Recorte_C_3.3.tiff,7
948,P7_C1_G180_Recorte_Recorte_A2_1.6.tiff,7
145,P7_C1_G40_Recorte_Recorte_A2_1.6.tiff,7
878,P7_C1_G180_Recorte_Recorte_A2_1.3.tiff,7
967,P7_C2_G180_Recorte_Recorte_B_2.3.tiff,7
793,P7_C1_G180_Recorte_Recorte_C_3.5.tiff,7
419,P7_C2_G80_Recorte_Recorte_A2_1.1.tiff,7
263,P7_C2_G80_Recorte_Recorte_C_3.4.tiff,7
880,P7_C2_G180_Recorte_Recorte_C_3.5.tiff,7
819,P7_C1_G180_Recorte_Recorte_B_2.6.tiff,7
272,P7_C2_G80_Recorte_Recorte_C_3.6.tiff,7
140,P7_C1_G40_Recorte_Recorte_B_2.3.tiff,7
485,P7_C1_G80_Recorte_Recorte_A1_1.4.tiff,7
889,P7_C2_G180_Recorte_Recorte_A2_1.2.tiff,7
542,P7_C1_G120_Recorte_Recorte_B_2.3.tiff,7
796,P7_C2_G180_Recorte_Recorte_C_3.3.tiff,7
880,P7_C2_G180_Recorte_Recorte_C_3.5.tiff,7
880,P7_C2_G180_Recorte_Recorte_C_3.5.tiff,7
870,P7_C2_G180_Recorte_Recorte_A2_1.6.tiff,7
482,P7_C2_G80_Recorte_Recorte_A2_1.2.tiff,7
343,P7_C1_G80_Recorte_Recorte_C_3.5.tiff,7
630,P7_C2_G120_Recorte_Recorte_B_2.5.tiff,7
612,P7_C2_G120_Recorte_Recorte_C_3.3.tiff,7
369,P7_C1_G80_Recorte_Recorte_C_3.6.tiff,7
673,P7_C2_G120_Recorte_Recorte_B_2.4.tiff,7
157,P7_C1_G40_Recorte_Recorte_A1_1.3.tiff,7
242,P7_C1_G40_Recorte_Recorte_A1_1.4.tiff,7
734,P7_C2_G120_Recorte_Recorte_C_3.4.tiff,7
720,P7_C2_G120_Recorte_Recorte_C_3.6.tiff,7
947,P7_C1_G180_Recorte_Recorte_A1_1.6.tiff,7
735,P7_C2_G120_Recorte_Recorte_C_3.2.tiff,7
186,P7_C1_G40_Recorte_Recorte_C_3.1.tiff,7
446,P7_C1_G80_Recorte_Recorte_A1_1.3.tiff,7
393,P7_C2_G80_Recorte_Recorte_B_2.5.tiff,7
923,P7_C2_G180_Recorte_Recorte_A1_1.3.tiff,7
734,P7_C2_G120_Recorte_Recorte_C_3.4.tiff,7
242,P7_C1_G40_Recorte_Recorte_A1_1.4.tiff,7
406,P7_C2_G80_Recorte_Recorte_B_2.2.tiff,7
915,P7_C2_G180_Recorte_Recorte_B_2.1.tiff,7
297,P7_C2_G80_Recorte_Recorte_C_3.5.tiff,7
299,P7_C1_G80_Recorte_Recorte_C_3.3.tiff,7
249,P7_C1_G40_Recorte_Recorte_A2_1.1.tiff,7
818,P7_C1_G180_Recorte_Recorte_C_3.1.tiff,7
117,P7_C2_G40_Recorte_Recorte_A2_1.6.tiff,7
374,P7_C2_G80_Recorte_Recorte_A2_1.4.tiff,7
638,P7_C2_G120_Recorte_Recorte_A1_1.6.tiff,7
96,P7_C2_G40_Recorte_Recorte_A2_1.3.tiff,7
561,P7_C2_G120_Recorte_Recorte_A2_1.3.tiff,7
560,P7_C2_G120_Recorte_Recorte_A1_1.3.tiff,7
283,P7_C2_G80_Recorte_Recorte_C_3.1.tiff,7
877,P7_C1_G180_Recorte_Recorte_A1_1.3.tiff,7
431,P7_C2_G80_Recorte_Recorte_B_2.4.tiff,7
416,P7_C2_G80_Recorte_Recorte_A2_1.3.tiff,7
165,P7_C2_G40_Recorte_Recorte_A2_1.2.tiff,7
117,P7_C2_G40_Recorte_Recorte_A2_1.6.tiff,7
660,P7_C1_G120_Recorte_Recorte_C_3.5.tiff,7
673,P7_C2_G120_Recorte_Recorte_B_2.4.tiff,7
419,P7_C2_G80_Recorte_Recorte_A2_1.1.tiff,7
248,P7_C1_G40_Recorte_Recorte_A1_1.1.tiff,7
793,P7_C1_G180_Recorte_Recorte_C_3.5.tiff,7
149,P7_C1_G40_Recorte_Recorte_A1_1.2.tiff,7
172,P7_C2_G40_Recorte_Recorte_C_3.1.tiff,7
242,P7_C1_G40_Recorte_Recorte_A1_1.4.tiff,7
682,P7_C1_G120_Recorte_Recorte_A2_1.1.tiff,7
486,P7_C1_G80_Recorte_Recorte_A2_1.4.tiff,7
705,P7_C1_G120_Recorte_Recorte_A1_1.5.tiff,7
249,P7_C1_G40_Recorte_Recorte_A2_1.1.tiff,7
810,P7_C1_G180_Recorte_Recorte_B_2.4.tiff,7
605,P7_C2_G120_Recorte_Recorte_B_2.6.tiff,7
554,P7_C1_G120_Recorte_Recorte_B_2.5.tiff,7
186,P7_C1_G40_Recorte_Recorte_C_3.1.tiff,7
956,P7_C1_G180_Recorte_Recorte_A2_1.1.tiff,7
684,P7_C2_G120_Recorte_Recorte_B_2.2.tiff,7
883,P7_C1_G180_Recorte_Recorte_B_2.1.tiff,7
355,P7_C1_G80_Recorte_Recorte_B_2.6.tiff,7
353,P7_C1_G80_Recorte_Recorte_B_2.1.tiff,7
907,P7_C1_G180_Recorte_Recorte_C_3.6.tiff,7
299,P7_C1_G80_Recorte_Recorte_C_3.3.tiff,7
824,P7_C1_G180_Recorte_Recorte_A1_1.2.tiff,7
391,P7_C2_G80_Recorte_Recorte_B_2.1.tiff,7
638,P7_C2_G120_Recorte_Recorte_A1_1.6.tiff,7
554,P7_C1_G120_Recorte_Recorte_B_2.5.tiff,7
923,P7_C2_G180_Recorte_Recorte_A1_1.3.tiff,7
384,P7_C1_G80_Recorte_Recorte_B_2.2.tiff,7
249,P7_C1_G40_Recorte_Recorte_A2_1.1.tiff,7
156,P7_C1_G40_Recorte_Recorte_B_2.4.tiff,7
96,P7_C2_G40_Recorte_Recorte_A2_1.3.tiff,7
955,P7_C1_G180_Recorte_Recorte_A1_1.1.tiff,7
554,P7_C1_G120_Recorte_Recorte_B_2.5.tiff,7
116,P7_C2_G40_Recorte_Recorte_A1_1.6.tiff,7
473,P7_C1_G80_Recorte_Recorte_B_2.5.tiff,7
693,P7_C1_G120_Recorte_Recorte_C_3.2.tiff,7
149,P7_C1_G40_Recorte_Recorte_A1_1.2.tiff,7
631,P7_C1_G120_Recorte_Recorte_C_3.6.tiff,7
139,P7_C1_G40_Recorte_Recorte_C_3.5.tiff,7
206,P7_C1_G40_Recorte_Recorte_A1_1.5.tiff,7
154,P7_C1_G40_Recorte_Recorte_B_2.6.tiff,7
103,P7_C1_G40_Recorte_Recorte_C_3.6.tiff,7
418,P7_C2_G80_Recorte_Recorte_A1_1.1.tiff,7
168,P7_C2_G40_Recorte_Recorte_B_2.3.tiff,7
819,P7_C1_G180_Recorte_Recorte_B_2.6.tiff,7
373,P7_C2_G80_Recorte_Recorte_A1_1.4.tiff,7
447,P7_C1_G80_Recorte_Recorte_A2_1.3.tiff,7
750,P7_C2_G120_Recorte_Recorte_A1_1.1.tiff,7
172,P7_C2_G40_Recorte_Recorte_C_3.1.tiff,7
619,P7_C2_G120_Recorte_Recorte_A2_1.4.tiff,7
238,P7_C2_G40_Recorte_Recorte_B_2.1.tiff,7
485,P7_C1_G80_Recorte_Recorte_A1_1.4.tiff,7
641,P7_C1_G120_Recorte_Recorte_A2_1.3.tiff,7
431,P7_C2_G80_Recorte_Recorte_B_2.4.tiff,7
145,P7_C1_G40_Recorte_Recorte_A2_1.6.tiff,7
317,P10_C2_G80_Recorte_Recorte_C_3.2.tiff,10
148,P10_C2_G40_Recorte_Recorte_C_3.5.tiff,10
221,P10_C2_G40_Recorte_Recorte_A1_1.2.tiff,10
969,P10_C2_G180_Recorte_Recorte_A2_1.5.tiff,10
363,P10_C1_G80_Recorte_Recorte_B_2.1.tiff,10
167,P10_C2_G40_Recorte_Recorte_B_2.4.tiff,10
498,P10_C2_G80_Recorte_Recorte_B_2.3.tiff,10
816,P10_C1_G180_Recorte_Recorte_A1_1.4.tiff,10
517,P10_C2_G80_Recorte_Recorte_A2_1.5.tiff,10
89,P10_C1_G40_Recorte_Recorte_C_3.6.tiff,10
614,P10_C2_G120_Recorte_Recorte_A2_1.1.tiff,10
12,P10_C1_G40_Recorte_Recorte_A2_1.1.tiff,10
845,P10_C1_G180_Recorte_Recorte_A2_1.3.tiff,10
438,P10_C2_G80_Recorte_Recorte_A2_1.2.tiff,10
222,P10_C2_G40_Recorte_Recorte_A2_1.2.tiff,10
74,P10_C1_G40_Recorte_Recorte_A2_1.6.tiff,10
614,P10_C2_G120_Recorte_Recorte_A2_1.1.tiff,10
420,P10_C1_G80_Recorte_Recorte_B_2.5.tiff,10
776,P10_C1_G180_Recorte_Recorte_B_2.1.tiff,10
363,P10_C1_G80_Recorte_Recorte_B_2.1.tiff,10
341,P10_C1_G80_Recorte_Recorte_A1_1.5.tiff,10
286,P10_C1_G80_Recorte_Recorte_C_3.3.tiff,10
791,P10_C1_G180_Recorte_Recorte_A2_1.2.tiff,10
543,P10_C1_G120_Recorte_Recorte_A1_1.6.tiff,10
203,P10_C2_G40_Recorte_Recorte_A1_1.4.tiff,10
371,P10_C1_G80_Recorte_Recorte_A1_1.6.tiff,10
881,P10_C1_G180_Recorte_Recorte_A1_1.6.tiff,10
408,P10_C2_G80_Recorte_Recorte_C_3.1.tiff,10
215,P10_C2_G40_Recorte_Recorte_A2_1.1.tiff,10
266,P10_C1_G80_Recorte_Recorte_C_3.4.tiff,10
408,P10_C2_G80_Recorte_Recorte_C_3.1.tiff,10
868,P10_C1_G180_Recorte_Recorte_C_3.5.tiff,10
498,P10_C2_G80_Recorte_Recorte_B_2.3.tiff,10
451,P10_C2_G80_Recorte_Recorte_C_3.4.tiff,10
845,P10_C1_G180_Recorte_Recorte_A2_1.3.tiff,10
180,P10_C2_G40_Recorte_Recorte_B_2.5.tiff,10
73,P10_C1_G40_Recorte_Recorte_A1_1.6.tiff,10
333,P10_C1_G80_Recorte_Recorte_B_2.4.tiff,10
985,P10_C2_G180_Recorte_Recorte_C_3.4.tiff,10
286,P10_C1_G80_Recorte_Recorte_C_3.3.tiff,10
273,P10_C1_G80_Recorte_Recorte_C_3.6.tiff,10
86,P10_C1_G40_Recorte_Recorte_C_3.1.tiff,10
167,P10_C2_G40_Recorte_Recorte_B_2.4.tiff,10
600,P10_C2_G120_Recorte_Recorte_B_2.1.tiff,10
73,P10_C1_G40_Recorte_Recorte_A1_1.6.tiff,10
697,P10_C2_G120_Recorte_Recorte_A1_1.6.tiff,10
317,P10_C2_G80_Recorte_Recorte_C_3.2.tiff,10
279,P10_C1_G80_Recorte_Recorte_C_3.1.tiff,10
424,P10_C2_G80_Recorte_Recorte_B_2.5.tiff,10
222,P10_C2_G40_Recorte_Recorte_A2_1.2.tiff,10
1007,P10_C2_G180_Recorte_Recorte_B_2.4.tiff,10
7,P10_C1_G40_Recorte_Recorte_A1_1.4.tiff,10
112,P10_C1_G40_Recorte_Recorte_B_2.6.tiff,10
546,P10_C1_G120_Recorte_Recorte_A2_1.3.tiff,10
363,P10_C1_G80_Recorte_Recorte_B_2.1.tiff,10
879,P10_C1_G180_Recorte_Recorte_C_3.4.tiff,10
868,P10_C1_G180_Recorte_Recorte_C_3.5.tiff,10
275,P10_C1_G80_Recorte_Recorte_A2_1.3.tiff,10
922,P10_C2_G180_Recorte_Recorte_C_3.3.tiff,10
535,P10_C1_G120_Recorte_Recorte_A1_1.2.tiff,10
420,P10_C1_G80_Recorte_Recorte_B_2.5.tiff,10
831,P10_C1_G180_Recorte_Recorte_A1_1.5.tiff,10
407,P10_C2_G80_Recorte_Recorte_B_2.1.tiff,10
702,P10_C2_G120_Recorte_Recorte_B_2.2.tiff,10
685,P10_C2_G120_Recorte_Recorte_A1_1.4.tiff,10
44,P10_C1_G40_Recorte_Recorte_A1_1.5.tiff,10
544,P10_C1_G120_Recorte_Recorte_A2_1.6.tiff,10
686,P10_C2_G120_Recorte_Recorte_A2_1.4.tiff,10
498,P10_C2_G80_Recorte_Recorte_B_2.3.tiff,10
913,P10_C2_G180_Recorte_Recorte_A1_1.4.tiff,10
887,P10_C2_G180_Recorte_Recorte_A2_1.2.tiff,10
651,P10_C2_G120_Recorte_Recorte_B_2.6.tiff,10
7,P10_C1_G40_Recorte_Recorte_A1_1.4.tiff,10
202,P10_C2_G40_Recorte_Recorte_C_3.2.tiff,10
359,P10_C1_G80_Recorte_Recorte_B_2.3.tiff,10
371,P10_C1_G80_Recorte_Recorte_A1_1.6.tiff,10
600,P10_C2_G120_Recorte_Recorte_B_2.1.tiff,10
832,P10_C1_G180_Recorte_Recorte_A2_1.5.tiff,10
930,P10_C2_G180_Recorte_Recorte_B_2.2.tiff,10
89,P10_C1_G40_Recorte_Recorte_C_3.6.tiff,10
13,P10_C1_G40_Recorte_Recorte_A1_1.2.tiff,10
237,P10_C2_G40_Recorte_Recorte_B_2.6.tiff,10
969,P10_C2_G180_Recorte_Recorte_A2_1.5.tiff,10
949,P10_C2_G180_Recorte_Recorte_B_2.1.tiff,10
491,P10_C2_G80_Recorte_Recorte_B_2.6.tiff,10
584,P10_C1_G120_Recorte_Recorte_C_3.4.tiff,10
513,P10_C2_G80_Recorte_Recorte_A1_1.3.tiff,10
494,P10_C2_G80_Recorte_Recorte_B_2.2.tiff,10
546,P10_C1_G120_Recorte_Recorte_A2_1.3.tiff,10
918,P10_C2_G180_Recorte_Recorte_B_2.3.tiff,10
430,P10_C2_G80_Recorte_Recorte_C_3.6.tiff,10
835,P10_C1_G180_Recorte_Recorte_B_2.2.tiff,10
107,P10_C1_G40_Recorte_Recorte_B_2.4.tiff,10
656,P10_C2_G120_Recorte_Recorte_B_2.3.tiff,10
914,P10_C2_G180_Recorte_Recorte_A2_1.4.tiff,10
45,P10_C1_G40_Recorte_Recorte_A2_1.5.tiff,10
830,P10_C2_G180_Recorte_Recorte_A2_1.1.tiff,10
496,P10_C2_G80_Recorte_Recorte_A1_1.6.tiff,10
921,P10_C2_G180_Recorte_Recorte_B_2.5.tiff,10
274,P10_C1_G80_Recorte_Recorte_A1_1.3.tiff,10
180,P10_C2_G40_Recorte_Recorte_B_2.5.tiff,10
651,P10_C2_G120_Recorte_Recorte_B_2.6.tiff,10
333,P10_C1_G80_Recorte_Recorte_B_2.4.tiff,10
1016,P10_C2_G180_Recorte_Recorte_A2_1.3.tiff,10
868,P10_C1_G180_Recorte_Recorte_C_3.5.tiff,10
21,P10_C1_G40_Recorte_Recorte_C_3.3.tiff,10
831,P10_C1_G180_Recorte_Recorte_A1_1.5.tiff,10
914,P10_C2_G180_Recorte_Recorte_A2_1.4.tiff,10
722,P10_C2_G120_Recorte_Recorte_A1_1.5.tiff,10
210,P10_C2_G40_Recorte_Recorte_B_2.3.tiff,10
113,P10_C2_G40_Recorte_Recorte_A1_1.3.tiff,10
648,P10_C1_G120_Recorte_Recorte_C_3.2.tiff,10
420,P10_C1_G80_Recorte_Recorte_B_2.5.tiff,10
273,P10_C1_G80_Recorte_Recorte_C_3.6.tiff,10
867,P10_C1_G180_Recorte_Recorte_C_3.3.tiff,10
407,P10_C2_G80_Recorte_Recorte_B_2.1.tiff,10
21,P10_C1_G40_Recorte_Recorte_C_3.3.tiff,10
433,P10_C1_G80_Recorte_Recorte_B_2.2.tiff,10
479,P10_C2_G80_Recorte_Recorte_C_3.5.tiff,10
44,P10_C1_G40_Recorte_Recorte_A1_1.5.tiff,10
790,P10_C1_G180_Recorte_Recorte_A1_1.2.tiff,10
21,P10_C1_G40_Recorte_Recorte_C_3.3.tiff,10
471,P10_C1_G80_Recorte_Recorte_B_2.6.tiff,10
359,P10_C1_G80_Recorte_Recorte_B_2.3.tiff,10
342,P10_C1_G80_Recorte_Recorte_A2_1.5.tiff,10
333,P10_C1_G80_Recorte_Recorte_B_2.4.tiff,10
451,P10_C2_G80_Recorte_Recorte_C_3.4.tiff,10
494,P10_C2_G80_Recorte_Recorte_B_2.2.tiff,10
577,P10_C2_G120_Recorte_Recorte_B_2.4.tiff,10
7,P10_C1_G40_Recorte_Recorte_A1_1.4.tiff,10
671,P10_C2_G120_Recorte_Recorte_C_3.3.tiff,10
288,P10_C1_G80_Recorte_Recorte_A1_1.4.tiff,10
342,P10_C1_G80_Recorte_Recorte_A2_1.5.tiff,10
949,P10_C2_G180_Recorte_Recorte_B_2.1.tiff,10
286,P10_C1_G80_Recorte_Recorte_C_3.3.tiff,10
559,P10_C1_G120_Recorte_Recorte_C_3.3.tiff,10
949,P10_C2_G180_Recorte_Recorte_B_2.1.tiff,10
124,P10_C2_G40_Recorte_Recorte_A1_1.5.tiff,10
726,P10_C2_G120_Recorte_Recorte_C_3.5.tiff,10
1007,P10_C2_G180_Recorte_Recorte_B_2.4.tiff,10
359,P10_C1_G80_Recorte_Recorte_B_2.3.tiff,10
372,P10_C1_G80_Recorte_Recorte_A2_1.6.tiff,10
715,P10_C2_G120_Recorte_Recorte_B_2.5.tiff,10
613,P10_C2_G120_Recorte_Recorte_A1_1.1.tiff,10
723,P10_C2_G120_Recorte_Recorte_A2_1.5.tiff,10
890,P10_C2_G180_Recorte_Recorte_A1_1.6.tiff,10
372,P10_C1_G80_Recorte_Recorte_A2_1.6.tiff,10
396,P10_C2_G80_Recorte_Recorte_C_3.3.tiff,10
124,P10_C2_G40_Recorte_Recorte_A1_1.5.tiff,10
178,P10_C2_G40_Recorte_Recorte_B_2.2.tiff,10
14,P10_C1_G40_Recorte_Recorte_A2_1.2.tiff,10
62,P10_C2_G40_Recorte_Recorte_C_3.1.tiff,10
210,P10_C2_G40_Recorte_Recorte_B_2.3.tiff,10
407,P10_C2_G80_Recorte_Recorte_B_2.1.tiff,10
155,P10_C2_G40_Recorte_Recorte_B_2.1.tiff,10
868,P10_C1_G180_Recorte_Recorte_C_3.5.tiff,10
84,P10_C1_G40_Recorte_Recorte_B_2.2.tiff,10
497,P10_C2_G80_Recorte_Recorte_A2_1.6.tiff,10
494,P10_C2_G80_Recorte_Recorte_B_2.2.tiff,10
372,P10_C1_G80_Recorte_Recorte_A2_1.6.tiff,10
786,P10_C1_G180_Recorte_Recorte_B_2.5.tiff,10
1011,P10_C2_G180_Recorte_Recorte_C_3.6.tiff,10
471,P10_C1_G80_Recorte_Recorte_B_2.6.tiff,10
733,P10_C2_G120_Recorte_Recorte_C_3.2.tiff,10
535,P10_C1_G120_Recorte_Recorte_A1_1.2.tiff,10
536,P10_C1_G120_Recorte_Recorte_A2_1.2.tiff,10
545,P10_C1_G120_Recorte_Recorte_A1_1.3.tiff,10
371,P10_C1_G80_Recorte_Recorte_A1_1.6.tiff,10
790,P10_C1_G180_Recorte_Recorte_A1_1.2.tiff,10
832,P10_C1_G180_Recorte_Recorte_A2_1.5.tiff,10
86,P10_C1_G40_Recorte_Recorte_C_3.1.tiff,10
215,P10_C2_G40_Recorte_Recorte_A2_1.1.tiff,10
544,P10_C1_G120_Recorte_Recorte_A2_1.6.tiff,10
359,P10_C1_G80_Recorte_Recorte_B_2.3.tiff,10
88,P10_C2_G40_Recorte_Recorte_C_3.4.tiff,10
371,P10_C1_G80_Recorte_Recorte_A1_1.6.tiff,10
879,P10_C1_G180_Recorte_Recorte_C_3.4.tiff,10
733,P10_C2_G120_Recorte_Recorte_C_3.2.tiff,10
372,P10_C1_G80_Recorte_Recorte_A2_1.6.tiff,10
279,P10_C1_G80_Recorte_Recorte_C_3.1.tiff,10
835,P10_C1_G180_Recorte_Recorte_B_2.2.tiff,10
471,P10_C1_G80_Recorte_Recorte_B_2.6.tiff,10
26,P10_C1_G40_Recorte_Recorte_A1_1.3.tiff,10
559,P10_C1_G120_Recorte_Recorte_C_3.3.tiff,10
1007,P10_C2_G180_Recorte_Recorte_B_2.4.tiff,10
325,P8_C2_G80_Recorte_Recorte_C_3.2.tiff,8
826,P8_C2_G180_Recorte_Recorte_C_3.4.tiff,8
115,P8_C2_G40_Recorte_Recorte_C_3.4.tiff,8
850,P8_C2_G180_Recorte_Recorte_A1_1.1.tiff,8
823,P8_C1_G180_Recorte_Recorte_A2_1.1.tiff,8
811,P8_C2_G180_Recorte_Recorte_C_3.2.tiff,8
313,P8_C2_G80_Recorte_Recorte_A1_1.2.tiff,8
643,P8_C1_G120_Recorte_Recorte_A1_1.2.tiff,8
303,P8_C2_G80_Recorte_Recorte_A1_1.6.tiff,8
828,P8_C1_G180_Recorte_Recorte_A2_1.6.tiff,8
731,P8_C1_G120_Recorte_Recorte_C_3.2.tiff,8
666,P8_C1_G120_Recorte_Recorte_C_3.6.tiff,8
565,P8_C2_G120_Recorte_Recorte_B_2.1.tiff,8
122,P8_C2_G40_Recorte_Recorte_A2_1.2.tiff,8
0,P8_C1_G40_Recorte_Recorte_A1_1.3.tiff,8
939,P8_C2_G180_Recorte_Recorte_A1_1.4.tiff,8
731,P8_C1_G120_Recorte_Recorte_C_3.2.tiff,8
946,P8_C1_G180_Recorte_Recorte_A2_1.4.tiff,8
729,P8_C2_G120_Recorte_Recorte_A2_1.3.tiff,8
291,P8_C1_G80_Recorte_Recorte_C_3.1.tiff,8
729,P8_C2_G120_Recorte_Recorte_A2_1.3.tiff,8
137,P8_C2_G40_Recorte_Recorte_B_2.4.tiff,8
756,P8_C1_G120_Recorte_Recorte_C_3.4.tiff,8
403,P8_C1_G80_Recorte_Recorte_A1_1.4.tiff,8
338,P8_C2_G80_Recorte_Recorte_A1_1.3.tiff,8
421,P8_C2_G80_Recorte_Recorte_B_2.1.tiff,8
56,P8_C1_G40_Recorte_Recorte_A2_1.4.tiff,8
766,P8_C2_G120_Recorte_Recorte_A2_1.5.tiff,8
25,P8_C1_G40_Recorte_Recorte_A2_1.6.tiff,8
151,P8_C1_G40_Recorte_Recorte_C_3.1.tiff,8
78,P8_C2_G40_Recorte_Recorte_C_3.6.tiff,8
314,P8_C2_G80_Recorte_Recorte_A2_1.2.tiff,8
327,P8_C2_G80_Recorte_Recorte_C_3.1.tiff,8
296,P8_C2_G80_Recorte_Recorte_C_3.6.tiff,8
47,P8_C2_G40_Recorte_Recorte_C_3.2.tiff,8
762,P8_C2_G120_Recorte_Recorte_A2_1.1.tiff,8
699,P8_C2_G120_Recorte_Recorte_A1_1.6.tiff,8
699,P8_C2_G120_Recorte_Recorte_A1_1.6.tiff,8
707,P8_C1_G120_Recorte_Recorte_B_2.2.tiff,8
267,P8_C2_G80_Recorte_Recorte_C_3.5.tiff,8
38,P8_C2_G40_Recorte_Recorte_A2_1.4.tiff,8
171,P8_C1_G40_Recorte_Recorte_C_3.2.tiff,8
460,P8_C2_G80_Recorte_Recorte_C_3.3.tiff,8
933,P8_C2_G180_Recorte_Recorte_A1_1.2.tiff,8
965,P8_C1_G180_Recorte_Recorte_A2_1.5.tiff,8
565,P8_C2_G120_Recorte_Recorte_B_2.1.tiff,8
551,P8_C2_G120_Recorte_Recorte_B_2.2.tiff,8
318,P8_C1_G80_Recorte_Recorte_C_3.2.tiff,8
443,P8_C1_G80_Recorte_Recorte_B_2.2.tiff,8
368,P8_C2_G80_Recorte_Recorte_A2_1.4.tiff,8
811,P8_C2_G180_Recorte_Recorte_C_3.2.tiff,8
318,P8_C1_G80_Recorte_Recorte_C_3.2.tiff,8
822,P8_C1_G180_Recorte_Recorte_A1_1.1.tiff,8
137,P8_C2_G40_Recorte_Recorte_B_2.4.tiff,8
773,P8_C1_G180_Recorte_Recorte_B_2.6.tiff,8
699,P8_C2_G120_Recorte_Recorte_A1_1.6.tiff,8
933,P8_C2_G180_Recorte_Recorte_A1_1.2.tiff,8
18,P8_C1_G40_Recorte_Recorte_A2_1.5.tiff,8
973,P8_C1_G180_Recorte_Recorte_C_3.1.tiff,8
728,P8_C2_G120_Recorte_Recorte_A1_1.3.tiff,8
38,P8_C2_G40_Recorte_Recorte_A2_1.4.tiff,8
18,P8_C1_G40_Recorte_Recorte_A2_1.5.tiff,8
746,P8_C2_G120_Recorte_Recorte_A1_1.4.tiff,8
761,P8_C2_G120_Recorte_Recorte_A1_1.1.tiff,8
68,P8_C2_G40_Recorte_Recorte_B_2.2.tiff,8
510,P8_C1_G80_Recorte_Recorte_A1_1.3.tiff,8
24,P8_C1_G40_Recorte_Recorte_A1_1.6.tiff,8
860,P8_C2_G180_Recorte_Recorte_B_2.5.tiff,8
328,P8_C1_G80_Recorte_Recorte_C_3.3.tiff,8
911,P8_C1_G180_Recorte_Recorte_B_2.3.tiff,8
367,P8_C2_G80_Recorte_Recorte_A1_1.4.tiff,8
78,P8_C2_G40_Recorte_Recorte_C_3.6.tiff,8
649,P8_C1_G120_Recorte_Recorte_B_2.6.tiff,8
98,P8_C2_G40_Recorte_Recorte_C_3.1.tiff,8
196,P8_C1_G40_Recorte_Recorte_B_2.5.tiff,8
826,P8_C2_G180_Recorte_Recorte_C_3.4.tiff,8
360,P8_C1_G80_Recorte_Recorte_A1_1.6.tiff,8
267,P8_C2_G80_Recorte_Recorte_C_3.5.tiff,8
98,P8_C2_G40_Recorte_Recorte_C_3.1.tiff,8
40,P8_C2_G40_Recorte_Recorte_A2_1.5.tiff,8
595,P8_C1_G120_Recorte_Recorte_A1_1.1.tiff,8
81,P8_C2_G40_Recorte_Recorte_A2_1.6.tiff,8
81,P8_C2_G40_Recorte_Recorte_A2_1.6.tiff,8
856,P8_C2_G180_Recorte_Recorte_B_2.6.tiff,8
37,P8_C2_G40_Recorte_Recorte_A1_1.4.tiff,8
974,P8_C1_G180_Recorte_Recorte_C_3.5.tiff,8
128,P8_C1_G40_Recorte_Recorte_B_2.6.tiff,8
510,P8_C1_G80_Recorte_Recorte_A1_1.3.tiff,8
76,P8_C2_G40_Recorte_Recorte_B_2.6.tiff,8
361,P8_C1_G80_Recorte_Recorte_A2_1.6.tiff,8
315,P8_C2_G80_Recorte_Recorte_B_2.2.tiff,8
68,P8_C2_G40_Recorte_Recorte_B_2.2.tiff,8
267,P8_C2_G80_Recorte_Recorte_C_3.5.tiff,8
855,P8_C2_G180_Recorte_Recorte_B_2.1.tiff,8
911,P8_C1_G180_Recorte_Recorte_B_2.3.tiff,8
357,P8_C1_G80_Recorte_Recorte_A2_1.5.tiff,8
53,P8_C2_G40_Recorte_Recorte_A1_1.3.tiff,8
361,P8_C1_G80_Recorte_Recorte_A2_1.6.tiff,8
291,P8_C1_G80_Recorte_Recorte_C_3.1.tiff,8
81,P8_C2_G40_Recorte_Recorte_A2_1.6.tiff,8
72,P8_C2_G40_Recorte_Recorte_B_2.5.tiff,8
282,P8_C1_G80_Recorte_Recorte_C_3.6.tiff,8
314,P8_C2_G80_Recorte_Recorte_A2_1.2.tiff,8
553,P8_C2_G120_Recorte_Recorte_C_3.2.tiff,8
856,P8_C2_G180_Recorte_Recorte_B_2.6.tiff,8
115,P8_C2_G40_Recorte_Recorte_C_3.4.tiff,8
395,P8_C2_G80_Recorte_Recorte_A2_1.1.tiff,8
713,P8_C1_G120_Recorte_Recorte_A2_1.5.tiff,8
766,P8_C2_G120_Recorte_Recorte_A2_1.5.tiff,8
933,P8_C2_G180_Recorte_Recorte_A1_1.2.tiff,8
731,P8_C1_G120_Recorte_Recorte_C_3.2.tiff,8
823,P8_C1_G180_Recorte_Recorte_A2_1.1.tiff,8
49,P8_C1_G40_Recorte_Recorte_B_2.3.tiff,8
445,P8_C1_G80_Recorte_Recorte_A2_1.1.tiff,8
595,P8_C1_G120_Recorte_Recorte_A1_1.1.tiff,8
699,P8_C2_G120_Recorte_Recorte_A1_1.6.tiff,8
785,P8_C2_G180_Recorte_Recorte_C_3.1.tiff,8
700,P8_C2_G120_Recorte_Recorte_A2_1.6.tiff,8
68,P8_C2_G40_Recorte_Recorte_B_2.2.tiff,8
761,P8_C2_G120_Recorte_Recorte_A1_1.1.tiff,8
747,P8_C2_G120_Recorte_Recorte_A2_1.4.tiff,8
1027,P8_C1_G180_Recorte_Recorte_C_3.4.tiff,8
964,P8_C1_G180_Recorte_Recorte_A1_1.5.tiff,8
402,P8_C1_G80_Recorte_Recorte_A2_1.2.tiff,8
647,P8_C2_G120_Recorte_Recorte_C_3.3.tiff,8
919,P8_C2_G180_Recorte_Recorte_A1_1.5.tiff,8
54,P8_C2_G40_Recorte_Recorte_A2_1.3.tiff,8
313,P8_C2_G80_Recorte_Recorte_A1_1.2.tiff,8
395,P8_C2_G80_Recorte_Recorte_A2_1.1.tiff,8
729,P8_C2_G120_Recorte_Recorte_A2_1.3.tiff,8
442,P8_C1_G80_Recorte_Recorte_B_2.3.tiff,8
436,P8_C2_G80_Recorte_Recorte_B_2.6.tiff,8
2,P8_C1_G40_Recorte_Recorte_A1_1.1.tiff,8
950,P8_C2_G180_Recorte_Recorte_A1_1.3.tiff,8
799,P8_C2_G180_Recorte_Recorte_C_3.5.tiff,8
260,P8_C1_G40_Recorte_Recorte_C_3.4.tiff,8
875,P8_C2_G180_Recorte_Recorte_C_3.3.tiff,8
644,P8_C1_G120_Recorte_Recorte_A2_1.2.tiff,8
49,P8_C1_G40_Recorte_Recorte_B_2.3.tiff,8
911,P8_C1_G180_Recorte_Recorte_B_2.3.tiff,8
644,P8_C1_G120_Recorte_Recorte_A2_1.2.tiff,8
945,P8_C1_G180_Recorte_Recorte_A1_1.4.tiff,8
296,P8_C2_G80_Recorte_Recorte_C_3.6.tiff,8
41,P8_C1_G40_Recorte_Recorte_C_3.6.tiff,8
547,P8_C2_G120_Recorte_Recorte_C_3.6.tiff,8
828,P8_C1_G180_Recorte_Recorte_A2_1.6.tiff,8
699,P8_C2_G120_Recorte_Recorte_A1_1.6.tiff,8
621,P8_C2_G120_Recorte_Recorte_C_3.5.tiff,8
952,P8_C1_G180_Recorte_Recorte_C_3.3.tiff,8
267,P8_C2_G80_Recorte_Recorte_C_3.5.tiff,8
282,P8_C1_G80_Recorte_Recorte_C_3.6.tiff,8
850,P8_C2_G180_Recorte_Recorte_A1_1.1.tiff,8
115,P8_C2_G40_Recorte_Recorte_C_3.4.tiff,8
296,P8_C2_G80_Recorte_Recorte_C_3.6.tiff,8
565,P8_C2_G120_Recorte_Recorte_B_2.1.tiff,8
946,P8_C1_G180_Recorte_Recorte_A2_1.4.tiff,8
80,P8_C2_G40_Recorte_Recorte_A1_1.6.tiff,8
405,P8_C1_G80_Recorte_Recorte_B_2.6.tiff,8
934,P8_C2_G180_Recorte_Recorte_A2_1.2.tiff,8
875,P8_C2_G180_Recorte_Recorte_C_3.3.tiff,8
700,P8_C2_G120_Recorte_Recorte_A2_1.6.tiff,8
756,P8_C1_G120_Recorte_Recorte_C_3.4.tiff,8
421,P8_C2_G80_Recorte_Recorte_B_2.1.tiff,8
908,P8_C2_G180_Recorte_Recorte_B_2.3.tiff,8
49,P8_C1_G40_Recorte_Recorte_B_2.3.tiff,8
762,P8_C2_G120_Recorte_Recorte_A2_1.1.tiff,8
81,P8_C2_G40_Recorte_Recorte_A2_1.6.tiff,8
54,P8_C2_G40_Recorte_Recorte_A2_1.3.tiff,8
489,P8_C1_G80_Recorte_Recorte_B_2.4.tiff,8
48,P8_C2_G40_Recorte_Recorte_B_2.1.tiff,8
909,P8_C1_G180_Recorte_Recorte_A1_1.2.tiff,8
3,P8_C1_G40_Recorte_Recorte_A2_1.1.tiff,8
827,P8_C1_G180_Recorte_Recorte_A1_1.6.tiff,8
897,P8_C1_G180_Recorte_Recorte_A2_1.3.tiff,8
707,P8_C1_G120_Recorte_Recorte_B_2.2.tiff,8
10,P8_C1_G40_Recorte_Recorte_A2_1.2.tiff,8
768,P8_C1_G120_Recorte_Recorte_A2_1.4.tiff,8
510,P8_C1_G80_Recorte_Recorte_A1_1.3.tiff,8
314,P8_C2_G80_Recorte_Recorte_A2_1.2.tiff,8
257,P8_C1_G40_Recorte_Recorte_C_3.5.tiff,8
395,P8_C2_G80_Recorte_Recorte_A2_1.1.tiff,8
799,P8_C2_G180_Recorte_Recorte_C_3.5.tiff,8
306,P8_C1_G80_Recorte_Recorte_C_3.5.tiff,8
282,P8_C1_G80_Recorte_Recorte_C_3.6.tiff,8
766,P8_C2_G120_Recorte_Recorte_A2_1.5.tiff,8
328,P8_C1_G80_Recorte_Recorte_C_3.3.tiff,8
257,P8_C1_G40_Recorte_Recorte_C_3.5.tiff,8
335,P8_C2_G80_Recorte_Recorte_A2_1.5.tiff,8
707,P8_C1_G120_Recorte_Recorte_B_2.2.tiff,8
395,P8_C2_G80_Recorte_Recorte_A2_1.1.tiff,8
939,P8_C2_G180_Recorte_Recorte_A1_1.4.tiff,8
746,P8_C2_G120_Recorte_Recorte_A1_1.4.tiff,8
331,P9_C1_G80_Recorte_Recorte_B_2.2.tiff,9
265,P9_C1_G80_Recorte_Recorte_A2_1.4.tiff,9
601,P9_C2_G120_Recorte_Recorte_B_2.2.tiff,9
769,P9_C1_G180_Recorte_Recorte_A1_1.4.tiff,9
241,P9_C2_G40_Recorte_Recorte_A2_1.4.tiff,9
999,P9_C2_G180_Recorte_Recorte_B_2.4.tiff,9
567,P9_C2_G120_Recorte_Recorte_B_2.3.tiff,9
410,P9_C2_G80_Recorte_Recorte_C_3.4.tiff,9
603,P9_C2_G120_Recorte_Recorte_A2_1.1.tiff,9
633,P9_C2_G120_Recorte_Recorte_A2_1.4.tiff,9
33,P9_C1_G40_Recorte_Recorte_C_3.1.tiff,9
531,P9_C1_G120_Recorte_Recorte_C_3.5.tiff,9
4,P9_C1_G40_Recorte_Recorte_A1_1.1.tiff,9
1024,P9_C2_G180_Recorte_Recorte_B_2.6.tiff,9
665,P9_C2_G120_Recorte_Recorte_B_2.6.tiff,9
20,P9_C1_G40_Recorte_Recorte_A2_1.3.tiff,9
567,P9_C2_G120_Recorte_Recorte_B_2.3.tiff,9
87,P9_C1_G40_Recorte_Recorte_C_3.3.tiff,9
455,P9_C2_G80_Recorte_Recorte_B_2.1.tiff,9
1019,P9_C2_G180_Recorte_Recorte_C_3.4.tiff,9
801,P9_C1_G180_Recorte_Recorte_C_3.2.tiff,9
101,P9_C2_G40_Recorte_Recorte_C_3.2.tiff,9
784,P9_C1_G180_Recorte_Recorte_C_3.5.tiff,9
534,P9_C1_G120_Recorte_Recorte_A2_1.5.tiff,9
19,P9_C1_G40_Recorte_Recorte_A1_1.3.tiff,9
256,P9_C2_G40_Recorte_Recorte_C_3.4.tiff,9
841,P9_C1_G180_Recorte_Recorte_A1_1.1.tiff,9
19,P9_C1_G40_Recorte_Recorte_A1_1.3.tiff,9
331,P9_C1_G80_Recorte_Recorte_B_2.2.tiff,9
555,P9_C1_G120_Recorte_Recorte_C_3.4.tiff,9
520,P9_C1_G120_Recorte_Recorte_A1_1.6.tiff,9
5,P9_C1_G40_Recorte_Recorte_A2_1.1.tiff,9
452,P9_C1_G80_Recorte_Recorte_C_3.4.tiff,9
220,P9_C2_G40_Recorte_Recorte_A2_1.6.tiff,9
805,P9_C1_G180_Recorte_Recorte_A2_1.2.tiff,9
942,P9_C2_G180_Recorte_Recorte_A1_1.6.tiff,9
298,P9_C1_G80_Recorte_Recorte_B_2.6.tiff,9
958,P9_C2_G180_Recorte_Recorte_A2_1.4.tiff,9
1024,P9_C2_G180_Recorte_Recorte_B_2.6.tiff,9
310,P9_C1_G80_Recorte_Recorte_C_3.3.tiff,9
938,P9_C2_G180_Recorte_Recorte_A2_1.2.tiff,9
490,P9_C2_G80_Recorte_Recorte_B_2.3.tiff,9
833,P9_C1_G180_Recorte_Recorte_B_2.5.tiff,9
691,P9_C2_G120_Recorte_Recorte_A2_1.2.tiff,9
1019,P9_C2_G180_Recorte_Recorte_C_3.4.tiff,9
1010,P9_C2_G180_Recorte_Recorte_B_2.3.tiff,9
763,P9_C2_G120_Recorte_Recorte_C_3.4.tiff,9
281,P9_C1_G80_Recorte_Recorte_A2_1.2.tiff,9
23,P9_C1_G40_Recorte_Recorte_A2_1.2.tiff,9
659,P9_C2_G120_Recorte_Recorte_C_3.5.tiff,9
23,P9_C1_G40_Recorte_Recorte_A2_1.2.tiff,9
36,P9_C1_G40_Recorte_Recorte_A2_1.4.tiff,9
227,P9_C2_G40_Recorte_Recorte_B_2.1.tiff,9
567,P9_C2_G120_Recorte_Recorte_B_2.3.tiff,9
397,P9_C2_G80_Recorte_Recorte_A1_1.5.tiff,9
937,P9_C2_G180_Recorte_Recorte_A1_1.2.tiff,9
495,P9_C2_G80_Recorte_Recorte_C_3.6.tiff,9
92,P9_C1_G40_Recorte_Recorte_C_3.5.tiff,9
942,P9_C2_G180_Recorte_Recorte_A1_1.6.tiff,9
499,P9_C2_G80_Recorte_Recorte_C_3.2.tiff,9
246,P9_C2_G40_Recorte_Recorte_C_3.5.tiff,9
770,P9_C1_G180_Recorte_Recorte_A2_1.4.tiff,9
310,P9_C1_G80_Recorte_Recorte_C_3.3.tiff,9
192,P9_C2_G40_Recorte_Recorte_A1_1.2.tiff,9
487,P9_C2_G80_Recorte_Recorte_C_3.5.tiff,9
769,P9_C1_G180_Recorte_Recorte_A1_1.4.tiff,9
624,P9_C2_G120_Recorte_Recorte_A1_1.3.tiff,9
937,P9_C2_G180_Recorte_Recorte_A1_1.2.tiff,9
319,P9_C1_G80_Recorte_Recorte_C_3.5.tiff,9
22,P9_C1_G40_Recorte_Recorte_A1_1.2.tiff,9
310,P9_C1_G80_Recorte_Recorte_C_3.3.tiff,9
566,P9_C1_G120_Recorte_Recorte_B_2.5.tiff,9
379,P9_C2_G80_Recorte_Recorte_A2_1.1.tiff,9
271,P9_C1_G80_Recorte_Recorte_A2_1.3.tiff,9
1004,P9_C2_G180_Recorte_Recorte_B_2.1.tiff,9
1003,P9_C2_G180_Recorte_Recorte_C_3.2.tiff,9
232,P9_C2_G40_Recorte_Recorte_B_2.6.tiff,9
268,P9_C1_G80_Recorte_Recorte_A1_1.1.tiff,9
22,P9_C1_G40_Recorte_Recorte_A1_1.2.tiff,9
240,P9_C2_G40_Recorte_Recorte_A1_1.4.tiff,9
22,P9_C1_G40_Recorte_Recorte_A1_1.2.tiff,9
931,P9_C2_G180_Recorte_Recorte_C_3.6.tiff,9
714,P9_C2_G120_Recorte_Recorte_B_2.5.tiff,9
19,P9_C1_G40_Recorte_Recorte_A1_1.3.tiff,9
770,P9_C1_G180_Recorte_Recorte_A2_1.4.tiff,9
606,P9_C2_G120_Recorte_Recorte_C_3.6.tiff,9
769,P9_C1_G180_Recorte_Recorte_A1_1.4.tiff,9
298,P9_C1_G80_Recorte_Recorte_B_2.6.tiff,9
942,P9_C2_G180_Recorte_Recorte_A1_1.6.tiff,9
194,P9_C2_G40_Recorte_Recorte_A1_1.1.tiff,9
456,P9_C2_G80_Recorte_Recorte_A1_1.3.tiff,9
691,P9_C2_G120_Recorte_Recorte_A2_1.2.tiff,9
569,P9_C1_G120_Recorte_Recorte_B_2.2.tiff,9
22,P9_C1_G40_Recorte_Recorte_A1_1.2.tiff,9
801,P9_C1_G180_Recorte_Recorte_C_3.2.tiff,9
270,P9_C1_G80_Recorte_Recorte_A1_1.3.tiff,9
606,P9_C2_G120_Recorte_Recorte_C_3.6.tiff,9
569,P9_C1_G120_Recorte_Recorte_B_2.2.tiff,9
624,P9_C2_G120_Recorte_Recorte_A1_1.3.tiff,9
4,P9_C1_G40_Recorte_Recorte_A1_1.1.tiff,9
916,P9_C2_G180_Recorte_Recorte_A1_1.1.tiff,9
525,P9_C1_G120_Recorte_Recorte_A1_1.3.tiff,9
555,P9_C1_G120_Recorte_Recorte_C_3.4.tiff,9
462,P9_C2_G80_Recorte_Recorte_B_2.4.tiff,9
625,P9_C2_G120_Recorte_Recorte_A2_1.3.tiff,9
101,P9_C2_G40_Recorte_Recorte_C_3.2.tiff,9
270,P9_C1_G80_Recorte_Recorte_A1_1.3.tiff,9
301,P9_C1_G80_Recorte_Recorte_A1_1.5.tiff,9
606,P9_C2_G120_Recorte_Recorte_C_3.6.tiff,9
632,P9_C2_G120_Recorte_Recorte_A1_1.4.tiff,9
195,P9_C2_G40_Recorte_Recorte_A2_1.1.tiff,9
427,P9_C2_G80_Recorte_Recorte_A1_1.2.tiff,9
809,P9_C1_G180_Recorte_Recorte_B_2.3.tiff,9
931,P9_C2_G180_Recorte_Recorte_C_3.6.tiff,9
801,P9_C1_G180_Recorte_Recorte_C_3.2.tiff,9
520,P9_C1_G120_Recorte_Recorte_A1_1.6.tiff,9
716,P9_C2_G120_Recorte_Recorte_A1_1.5.tiff,9
606,P9_C2_G120_Recorte_Recorte_C_3.6.tiff,9
678,P9_C1_G120_Recorte_Recorte_C_3.3.tiff,9
804,P9_C1_G180_Recorte_Recorte_A1_1.2.tiff,9
943,P9_C2_G180_Recorte_Recorte_A2_1.6.tiff,9
91,P9_C1_G40_Recorte_Recorte_B_2.3.tiff,9
241,P9_C2_G40_Recorte_Recorte_A2_1.4.tiff,9
219,P9_C2_G40_Recorte_Recorte_A1_1.6.tiff,9
526,P9_C1_G120_Recorte_Recorte_A2_1.3.tiff,9
809,P9_C1_G180_Recorte_Recorte_B_2.3.tiff,9
265,P9_C1_G80_Recorte_Recorte_A2_1.4.tiff,9
120,P9_C1_G40_Recorte_Recorte_C_3.2.tiff,9
435,P9_C2_G80_Recorte_Recorte_C_3.3.tiff,9
477,P9_C2_G80_Recorte_Recorte_B_2.6.tiff,9
943,P9_C2_G180_Recorte_Recorte_A2_1.6.tiff,9
1018,P9_C2_G180_Recorte_Recorte_C_3.3.tiff,9
499,P9_C2_G80_Recorte_Recorte_C_3.2.tiff,9
687,P9_C2_G120_Recorte_Recorte_B_2.1.tiff,9
487,P9_C2_G80_Recorte_Recorte_C_3.5.tiff,9
427,P9_C2_G80_Recorte_Recorte_A1_1.2.tiff,9
195,P9_C2_G40_Recorte_Recorte_A2_1.1.tiff,9
410,P9_C2_G80_Recorte_Recorte_C_3.4.tiff,9
378,P9_C2_G80_Recorte_Recorte_A1_1.1.tiff,9
601,P9_C2_G120_Recorte_Recorte_B_2.2.tiff,9
256,P9_C2_G40_Recorte_Recorte_C_3.4.tiff,9
805,P9_C1_G180_Recorte_Recorte_A2_1.2.tiff,9
771,P9_C1_G180_Recorte_Recorte_A1_1.5.tiff,9
309,P9_C1_G80_Recorte_Recorte_B_2.3.tiff,9
502,P9_C2_G80_Recorte_Recorte_B_2.5.tiff,9
1014,P9_C2_G180_Recorte_Recorte_B_2.2.tiff,9
794,P9_C1_G180_Recorte_Recorte_B_2.6.tiff,9
87,P9_C1_G40_Recorte_Recorte_C_3.3.tiff,9
43,P9_C1_G40_Recorte_Recorte_B_2.1.tiff,9
1004,P9_C2_G180_Recorte_Recorte_B_2.1.tiff,9
801,P9_C1_G180_Recorte_Recorte_C_3.2.tiff,9
302,P9_C1_G80_Recorte_Recorte_A2_1.5.tiff,9
579,P9_C2_G120_Recorte_Recorte_A1_1.6.tiff,9
917,P9_C2_G180_Recorte_Recorte_A2_1.1.tiff,9
566,P9_C1_G120_Recorte_Recorte_B_2.5.tiff,9
691,P9_C2_G120_Recorte_Recorte_A2_1.2.tiff,9
531,P9_C1_G120_Recorte_Recorte_C_3.5.tiff,9
319,P9_C1_G80_Recorte_Recorte_C_3.5.tiff,9
624,P9_C2_G120_Recorte_Recorte_A1_1.3.tiff,9
261,P9_C2_G40_Recorte_Recorte_A1_1.3.tiff,9
770,P9_C1_G180_Recorte_Recorte_A2_1.4.tiff,9
580,P9_C2_G120_Recorte_Recorte_A2_1.6.tiff,9
388,P9_C2_G80_Recorte_Recorte_A2_1.6.tiff,9
716,P9_C2_G120_Recorte_Recorte_A1_1.5.tiff,9
462,P9_C2_G80_Recorte_Recorte_B_2.4.tiff,9
19,P9_C1_G40_Recorte_Recorte_A1_1.3.tiff,9
808,P9_C1_G180_Recorte_Recorte_A2_1.6.tiff,9
602,P9_C2_G120_Recorte_Recorte_A1_1.1.tiff,9
31,P9_C1_G40_Recorte_Recorte_A2_1.6.tiff,9
690,P9_C2_G120_Recorte_Recorte_A1_1.2.tiff,9
797,P9_C1_G180_Recorte_Recorte_C_3.4.tiff,9
462,P9_C2_G80_Recorte_Recorte_B_2.4.tiff,9
862,P9_C1_G180_Recorte_Recorte_C_3.3.tiff,9
205,P9_C2_G40_Recorte_Recorte_C_3.6.tiff,9
428,P9_C2_G80_Recorte_Recorte_A2_1.2.tiff,9
101,P9_C2_G40_Recorte_Recorte_C_3.2.tiff,9
665,P9_C2_G120_Recorte_Recorte_B_2.6.tiff,9
691,P9_C2_G120_Recorte_Recorte_A2_1.2.tiff,9
410,P9_C2_G80_Recorte_Recorte_C_3.4.tiff,9
936,P6_C1_G180_Recorte_Recorte_A_1.2.tiff,6
337,P6_C1_G80_Recorte_Recorte_A_1.1.tiff,6
550,P6_C1_G120_Recorte_Recorte_C_3.2.tiff,6
558,P6_C1_G120_Recorte_Recorte_B_2.4.tiff,6
190,P6_C2_G40_Recorte_Recorte_B_2.3.tiff,6
493,P6_C2_G80_Recorte_Recorte_A_1.2.tiff,6
1021,P6_C2_G180_Recorte_Recorte_A_1.1.tiff,6
1029,P6_C2_G180_Recorte_Recorte_A_1.2.tiff,6
326,P6_C2_G80_Recorte_Recorte_B_2.4.tiff,6
409,P6_C2_G80_Recorte_Recorte_C_3.2.tiff,6
476,P6_C2_G80_Recorte_Recorte_A_1.6.tiff,6
250,P6_C1_G40_Recorte_Recorte_A_1.1.tiff,6
800,P6_C1_G180_Recorte_Recorte_A_1.1.tiff,6
1025,P6_C2_G180_Recorte_Recorte_B_2.5.tiff,6
730,P6_C2_G120_Recorte_Recorte_B_2.2.tiff,6
852,P6_C1_G180_Recorte_Recorte_B_2.1.tiff,6
760,P6_C2_G120_Recorte_Recorte_A_1.4.tiff,6
568,P6_C1_G120_Recorte_Recorte_C_3.4.tiff,6
465,P6_C1_G80_Recorte_Recorte_C_3.3.tiff,6
754,P6_C2_G120_Recorte_Recorte_A_1.5.tiff,6
252,P6_C2_G40_Recorte_Recorte_C_3.6.tiff,6
663,P6_C2_G120_Recorte_Recorte_B_2.6.tiff,6
745,P6_C2_G120_Recorte_Recorte_A_1.1.tiff,6
1009,P6_C2_G180_Recorte_Recorte_C_3.1.tiff,6
664,P6_C2_G120_Recorte_Recorte_C_3.1.tiff,6
854,P6_C1_G180_Recorte_Recorte_C_3.5.tiff,6
426,P6_C1_G80_Recorte_Recorte_A_1.3.tiff,6
672,P6_C1_G120_Recorte_Recorte_C_3.5.tiff,6
400,P6_C1_G80_Recorte_Recorte_B_2.5.tiff,6
709,P6_C1_G120_Recorte_Recorte_A_1.1.tiff,6
337,P6_C1_G80_Recorte_Recorte_A_1.1.tiff,6
912,P6_C1_G180_Recorte_Recorte_B_2.3.tiff,6
1028,P6_C2_G180_Recorte_Recorte_B_2.1.tiff,6
252,P6_C2_G40_Recorte_Recorte_C_3.6.tiff,6
132,P6_C2_G40_Recorte_Recorte_B_2.2.tiff,6
503,P6_C1_G80_Recorte_Recorte_B_2.3.tiff,6
244,P6_C2_G40_Recorte_Recorte_C_3.5.tiff,6
783,P6_C1_G180_Recorte_Recorte_A_1.5.tiff,6
754,P6_C2_G120_Recorte_Recorte_A_1.5.tiff,6
663,P6_C2_G120_Recorte_Recorte_B_2.6.tiff,6
996,P6_C1_G180_Recorte_Recorte_C_3.6.tiff,6
200,P6_C2_G40_Recorte_Recorte_A_1.2.tiff,6
254,P6_C2_G40_Recorte_Recorte_C_3.2.tiff,6
812,P6_C1_G180_Recorte_Recorte_A_1.6.tiff,6
208,P6_C2_G40_Recorte_Recorte_B_2.5.tiff,6
628,P6_C1_G120_Recorte_Recorte_A_1.3.tiff,6
60,P6_C1_G40_Recorte_Recorte_C_3.6.tiff,6
60,P6_C1_G40_Recorte_Recorte_C_3.6.tiff,6
599,P6_C1_G120_Recorte_Recorte_A_1.2.tiff,6
492,P6_C2_G80_Recorte_Recorte_B_2.5.tiff,6
760,P6_C2_G120_Recorte_Recorte_A_1.4.tiff,6
190,P6_C2_G40_Recorte_Recorte_B_2.3.tiff,6
326,P6_C2_G80_Recorte_Recorte_B_2.4.tiff,6
991,P6_C2_G180_Recorte_Recorte_B_2.3.tiff,6
190,P6_C2_G40_Recorte_Recorte_B_2.3.tiff,6
549,P6_C1_G120_Recorte_Recorte_C_3.1.tiff,6
936,P6_C1_G180_Recorte_Recorte_A_1.2.tiff,6
995,P6_C2_G180_Recorte_Recorte_B_2.6.tiff,6
488,P6_C1_G80_Recorte_Recorte_B_2.4.tiff,6
996,P6_C1_G180_Recorte_Recorte_C_3.6.tiff,6
252,P6_C2_G40_Recorte_Recorte_C_3.6.tiff,6
311,P6_C1_G80_Recorte_Recorte_C_3.1.tiff,6
15,P6_C1_G40_Recorte_Recorte_C_3.1.tiff,6
672,P6_C1_G120_Recorte_Recorte_C_3.5.tiff,6
760,P6_C2_G120_Recorte_Recorte_A_1.4.tiff,6
523,P6_C1_G120_Recorte_Recorte_B_2.3.tiff,6
864,P6_C1_G180_Recorte_Recorte_B_2.4.tiff,6
758,P6_C2_G120_Recorte_Recorte_B_2.5.tiff,6
414,P6_C2_G80_Recorte_Recorte_B_2.1.tiff,6
425,P6_C2_G80_Recorte_Recorte_C_3.4.tiff,6
350,P6_C1_G80_Recorte_Recorte_B_2.1.tiff,6
709,P6_C1_G120_Recorte_Recorte_A_1.1.tiff,6
200,P6_C2_G40_Recorte_Recorte_A_1.2.tiff,6
16,P6_C1_G40_Recorte_Recorte_B_2.2.tiff,6
778,P6_C1_G180_Recorte_Recorte_C_3.4.tiff,6
549,P6_C1_G120_Recorte_Recorte_C_3.1.tiff,6
664,P6_C2_G120_Recorte_Recorte_C_3.1.tiff,6
1002,P6_C2_G180_Recorte_Recorte_A_1.4.tiff,6
658,P6_C2_G120_Recorte_Recorte_C_3.5.tiff,6
928,P6_C1_G180_Recorte_Recorte_B_2.2.tiff,6
558,P6_C1_G120_Recorte_Recorte_B_2.4.tiff,6
558,P6_C1_G120_Recorte_Recorte_B_2.4.tiff,6
1009,P6_C2_G180_Recorte_Recorte_C_3.1.tiff,6
493,P6_C2_G80_Recorte_Recorte_A_1.2.tiff,6
1029,P6_C2_G180_Recorte_Recorte_A_1.2.tiff,6
757,P6_C2_G120_Recorte_Recorte_A_1.3.tiff,6
389,P6_C1_G80_Recorte_Recorte_A_1.2.tiff,6
575,P6_C1_G120_Recorte_Recorte_C_3.3.tiff,6
975,P6_C2_G180_Recorte_Recorte_C_3.2.tiff,6
344,P6_C2_G80_Recorte_Recorte_C_3.6.tiff,6
503,P6_C1_G80_Recorte_Recorte_B_2.3.tiff,6
190,P6_C2_G40_Recorte_Recorte_B_2.3.tiff,6
16,P6_C1_G40_Recorte_Recorte_B_2.2.tiff,6
425,P6_C2_G80_Recorte_Recorte_C_3.4.tiff,6
745,P6_C2_G120_Recorte_Recorte_A_1.1.tiff,6
966,P6_C2_G180_Recorte_Recorte_C_3.6.tiff,6
152,P6_C2_G40_Recorte_Recorte_A_1.6.tiff,6
578,P6_C1_G120_Recorte_Recorte_A_1.4.tiff,6
1009,P6_C2_G180_Recorte_Recorte_C_3.1.tiff,6
250,P6_C1_G40_Recorte_Recorte_A_1.1.tiff,6
995,P6_C2_G180_Recorte_Recorte_B_2.6.tiff,6
426,P6_C1_G80_Recorte_Recorte_A_1.3.tiff,6
623,P6_C1_G120_Recorte_Recorte_A_1.6.tiff,6
562,P6_C1_G120_Recorte_Recorte_A_1.5.tiff,6
709,P6_C1_G120_Recorte_Recorte_A_1.1.tiff,6
213,P6_C2_G40_Recorte_Recorte_B_2.1.tiff,6
244,P6_C2_G40_Recorte_Recorte_C_3.5.tiff,6
337,P6_C1_G80_Recorte_Recorte_A_1.1.tiff,6
599,P6_C1_G120_Recorte_Recorte_A_1.2.tiff,6
1029,P6_C2_G180_Recorte_Recorte_A_1.2.tiff,6
754,P6_C2_G120_Recorte_Recorte_A_1.5.tiff,6
664,P6_C2_G120_Recorte_Recorte_C_3.1.tiff,6
259,P6_C1_G40_Recorte_Recorte_A_1.2.tiff,6
599,P6_C1_G120_Recorte_Recorte_A_1.2.tiff,6
97,P6_C1_G40_Recorte_Recorte_B_2.3.tiff,6
429,P6_C2_G80_Recorte_Recorte_C_3.3.tiff,6
524,P6_C1_G120_Recorte_Recorte_B_2.2.tiff,6
409,P6_C2_G80_Recorte_Recorte_C_3.2.tiff,6
200,P6_C2_G40_Recorte_Recorte_A_1.2.tiff,6
745,P6_C2_G120_Recorte_Recorte_A_1.1.tiff,6
492,P6_C2_G80_Recorte_Recorte_B_2.5.tiff,6
658,P6_C2_G120_Recorte_Recorte_C_3.5.tiff,6
16,P6_C1_G40_Recorte_Recorte_B_2.2.tiff,6
15,P6_C1_G40_Recorte_Recorte_C_3.1.tiff,6
1028,P6_C2_G180_Recorte_Recorte_B_2.1.tiff,6
1028,P6_C2_G180_Recorte_Recorte_B_2.1.tiff,6
344,P6_C2_G80_Recorte_Recorte_C_3.6.tiff,6
800,P6_C1_G180_Recorte_Recorte_A_1.1.tiff,6
160,P6_C2_G40_Recorte_Recorte_A_1.1.tiff,6
57,P6_C1_G40_Recorte_Recorte_B_2.5.tiff,6
190,P6_C2_G40_Recorte_Recorte_B_2.3.tiff,6
764,P6_C2_G120_Recorte_Recorte_A_1.6.tiff,6
664,P6_C2_G120_Recorte_Recorte_C_3.1.tiff,6
820,P6_C1_G180_Recorte_Recorte_C_3.3.tiff,6
550,P6_C1_G120_Recorte_Recorte_C_3.2.tiff,6
1026,P6_C2_G180_Recorte_Recorte_A_1.6.tiff,6
929,P6_C2_G180_Recorte_Recorte_C_3.3.tiff,6
1020,P6_C2_G180_Recorte_Recorte_B_2.2.tiff,6
493,P6_C2_G80_Recorte_Recorte_A_1.2.tiff,6
377,P6_C1_G80_Recorte_Recorte_B_2.6.tiff,6
225,P6_C2_G40_Recorte_Recorte_B_2.6.tiff,6
543,P10_C1_G120_Recorte_Recorte_A1_1.6.tiff,10
829,P10_C2_G180_Recorte_Recorte_A1_1.1.tiff,10
671,P10_C2_G120_Recorte_Recorte_C_3.3.tiff,10
548,P10_C1_G120_Recorte_Recorte_C_3.6.tiff,10
212,P10_C2_G40_Recorte_Recorte_C_3.3.tiff,10
543,P10_C1_G120_Recorte_Recorte_A1_1.6.tiff,10
130,P10_C2_G40_Recorte_Recorte_A1_1.6.tiff,10
715,P10_C2_G120_Recorte_Recorte_B_2.5.tiff,10
463,P10_C2_G80_Recorte_Recorte_A1_1.1.tiff,10
497,P10_C2_G80_Recorte_Recorte_A2_1.6.tiff,10
497,P10_C2_G80_Recorte_Recorte_A2_1.6.tiff,10
491,P10_C2_G80_Recorte_Recorte_B_2.6.tiff,10
34,P10_C1_G40_Recorte_Recorte_B_2.3.tiff,10
167,P10_C2_G40_Recorte_Recorte_B_2.4.tiff,10
12,P10_C1_G40_Recorte_Recorte_A2_1.1.tiff,10
420,P10_C1_G80_Recorte_Recorte_B_2.5.tiff,10
930,P10_C2_G180_Recorte_Recorte_B_2.2.tiff,10
918,P10_C2_G180_Recorte_Recorte_B_2.3.tiff,10
288,P10_C1_G80_Recorte_Recorte_A1_1.4.tiff,10
844,P10_C1_G180_Recorte_Recorte_A1_1.3.tiff,10
584,P10_C1_G120_Recorte_Recorte_C_3.4.tiff,10
399,P10_C2_G80_Recorte_Recorte_B_2.4.tiff,10
941,P10_C2_G180_Recorte_Recorte_C_3.5.tiff,10
985,P10_C2_G180_Recorte_Recorte_C_3.4.tiff,10
323,P10_C1_G80_Recorte_Recorte_A1_1.2.tiff,10
918,P10_C2_G180_Recorte_Recorte_B_2.3.tiff,10
968,P10_C2_G180_Recorte_Recorte_A1_1.5.tiff,10
134,P10_C1_G40_Recorte_Recorte_C_3.2.tiff,10
21,P10_C1_G40_Recorte_Recorte_C_3.3.tiff,10
514,P10_C2_G80_Recorte_Recorte_A2_1.3.tiff,10
798,P10_C1_G180_Recorte_Recorte_B_2.3.tiff,10
430,P10_C2_G80_Recorte_Recorte_C_3.6.tiff,10
27,P10_C1_G40_Recorte_Recorte_A2_1.3.tiff,10
857,P10_C2_G180_Recorte_Recorte_C_3.1.tiff,10
548,P10_C1_G120_Recorte_Recorte_C_3.6.tiff,10
178,P10_C2_G40_Recorte_Recorte_B_2.2.tiff,10
755,P10_C2_G120_Recorte_Recorte_C_3.4.tiff,10
540,P10_C1_G120_Recorte_Recorte_A1_1.1.tiff,10
671,P10_C2_G120_Recorte_Recorte_C_3.3.tiff,10
351,P10_C1_G80_Recorte_Recorte_A1_1.1.tiff,10
543,P10_C1_G120_Recorte_Recorte_A1_1.6.tiff,10
317,P10_C2_G80_Recorte_Recorte_C_3.2.tiff,10
545,P10_C1_G120_Recorte_Recorte_A1_1.3.tiff,10
517,P10_C2_G80_Recorte_Recorte_A2_1.5.tiff,10
887,P10_C2_G180_Recorte_Recorte_A2_1.2.tiff,10
408,P10_C2_G80_Recorte_Recorte_C_3.1.tiff,10
210,P10_C2_G40_Recorte_Recorte_B_2.3.tiff,10
514,P10_C2_G80_Recorte_Recorte_A2_1.3.tiff,10
497,P10_C2_G80_Recorte_Recorte_A2_1.6.tiff,10
286,P10_C1_G80_Recorte_Recorte_C_3.3.tiff,10
914,P10_C2_G180_Recorte_Recorte_A2_1.4.tiff,10
62,P10_C2_G40_Recorte_Recorte_C_3.1.tiff,10
600,P10_C2_G120_Recorte_Recorte_B_2.1.tiff,10
21,P10_C1_G40_Recorte_Recorte_C_3.3.tiff,10
776,P10_C1_G180_Recorte_Recorte_B_2.1.tiff,10
107,P10_C1_G40_Recorte_Recorte_B_2.4.tiff,10
359,P10_C1_G80_Recorte_Recorte_B_2.3.tiff,10
882,P10_C1_G180_Recorte_Recorte_A2_1.6.tiff,10
266,P10_C1_G80_Recorte_Recorte_C_3.4.tiff,10
813,P10_C1_G180_Recorte_Recorte_B_2.6.tiff,10
167,P10_C2_G40_Recorte_Recorte_B_2.4.tiff,10
543,P10_C1_G120_Recorte_Recorte_A1_1.6.tiff,10
742,P10_C2_G120_Recorte_Recorte_A1_1.3.tiff,10
491,P10_C2_G80_Recorte_Recorte_B_2.6.tiff,10
723,P10_C2_G120_Recorte_Recorte_A2_1.5.tiff,10
73,P10_C1_G40_Recorte_Recorte_A1_1.6.tiff,10
113,P10_C2_G40_Recorte_Recorte_A1_1.3.tiff,10
559,P10_C1_G120_Recorte_Recorte_C_3.3.tiff,10
221,P10_C2_G40_Recorte_Recorte_A1_1.2.tiff,10
733,P10_C2_G120_Recorte_Recorte_C_3.2.tiff,10
286,P10_C1_G80_Recorte_Recorte_C_3.3.tiff,10
430,P10_C2_G80_Recorte_Recorte_C_3.6.tiff,10
743,P10_C2_G120_Recorte_Recorte_A2_1.3.tiff,10
1011,P10_C2_G180_Recorte_Recorte_C_3.6.tiff,10
680,P10_C1_G120_Recorte_Recorte_B_2.5.tiff,10
351,P10_C1_G80_Recorte_Recorte_A1_1.1.tiff,10
899,P10_C1_G180_Recorte_Recorte_C_3.1.tiff,10
104,P10_C1_G40_Recorte_Recorte_C_3.4.tiff,10
342,P10_C1_G80_Recorte_Recorte_A2_1.5.tiff,10
742,P10_C2_G120_Recorte_Recorte_A1_1.3.tiff,10
494,P10_C2_G80_Recorte_Recorte_B_2.2.tiff,10
8,P10_C1_G40_Recorte_Recorte_A2_1.4.tiff,10
333,P10_C1_G80_Recorte_Recorte_B_2.4.tiff,10
738,P10_C2_G120_Recorte_Recorte_A2_1.2.tiff,10
212,P10_C2_G40_Recorte_Recorte_C_3.3.tiff,10
433,P10_C1_G80_Recorte_Recorte_B_2.2.tiff,10
949,P10_C2_G180_Recorte_Recorte_B_2.1.tiff,10
178,P10_C2_G40_Recorte_Recorte_B_2.2.tiff,10
27,P10_C1_G40_Recorte_Recorte_A2_1.3.tiff,10
8,P10_C1_G40_Recorte_Recorte_A2_1.4.tiff,10
532,P10_C1_G120_Recorte_Recorte_B_2.3.tiff,10
817,P10_C1_G180_Recorte_Recorte_A2_1.4.tiff,10
656,P10_C2_G120_Recorte_Recorte_B_2.3.tiff,10
399,P10_C2_G80_Recorte_Recorte_B_2.4.tiff,10
420,P10_C1_G80_Recorte_Recorte_B_2.5.tiff,10
124,P10_C2_G40_Recorte_Recorte_A1_1.5.tiff,10
959,P10_C2_G180_Recorte_Recorte_B_2.6.tiff,10
21,P10_C1_G40_Recorte_Recorte_C_3.3.tiff,10
845,P10_C1_G180_Recorte_Recorte_A2_1.3.tiff,10
798,P10_C1_G180_Recorte_Recorte_B_2.3.tiff,10
829,P10_C2_G180_Recorte_Recorte_A1_1.1.tiff,10
702,P10_C2_G120_Recorte_Recorte_B_2.2.tiff,10
548,P10_C1_G120_Recorte_Recorte_C_3.6.tiff,10
352,P10_C1_G80_Recorte_Recorte_A2_1.1.tiff,10
798,P10_C1_G180_Recorte_Recorte_B_2.3.tiff,10
8,P10_C1_G40_Recorte_Recorte_A2_1.4.tiff,10
868,P10_C1_G180_Recorte_Recorte_C_3.5.tiff,10
1011,P10_C2_G180_Recorte_Recorte_C_3.6.tiff,10
913,P10_C2_G180_Recorte_Recorte_A1_1.4.tiff,10
396,P10_C2_G80_Recorte_Recorte_C_3.3.tiff,10
559,P10_C1_G120_Recorte_Recorte_C_3.3.tiff,10
879,P10_C1_G180_Recorte_Recorte_C_3.4.tiff,10
737,P10_C2_G120_Recorte_Recorte_A1_1.2.tiff,10
832,P10_C1_G180_Recorte_Recorte_A2_1.5.tiff,10
803,P10_C1_G180_Recorte_Recorte_A2_1.1.tiff,10
742,P10_C2_G120_Recorte_Recorte_A1_1.3.tiff,10
215,P10_C2_G40_Recorte_Recorte_A2_1.1.tiff,10
686,P10_C2_G120_Recorte_Recorte_A2_1.4.tiff,10
408,P10_C2_G80_Recorte_Recorte_C_3.1.tiff,10
202,P10_C2_G40_Recorte_Recorte_C_3.2.tiff,10
494,P10_C2_G80_Recorte_Recorte_B_2.2.tiff,10
798,P10_C1_G180_Recorte_Recorte_B_2.3.tiff,10
273,P10_C1_G80_Recorte_Recorte_C_3.6.tiff,10
148,P10_C2_G40_Recorte_Recorte_C_3.5.tiff,10
857,P10_C2_G180_Recorte_Recorte_C_3.1.tiff,10
62,P10_C2_G40_Recorte_Recorte_C_3.1.tiff,10
737,P10_C2_G120_Recorte_Recorte_A1_1.2.tiff,10
913,P10_C2_G180_Recorte_Recorte_A1_1.4.tiff,10
323,P10_C1_G80_Recorte_Recorte_A1_1.2.tiff,10
148,P10_C2_G40_Recorte_Recorte_C_3.5.tiff,10
286,P10_C1_G80_Recorte_Recorte_C_3.3.tiff,10
742,P10_C2_G120_Recorte_Recorte_A1_1.3.tiff,10
114,P10_C2_G40_Recorte_Recorte_A2_1.3.tiff,10
212,P10_C2_G40_Recorte_Recorte_C_3.3.tiff,10
886,P10_C2_G180_Recorte_Recorte_A1_1.2.tiff,10
407,P10_C2_G80_Recorte_Recorte_B_2.1.tiff,10
845,P10_C1_G180_Recorte_Recorte_A2_1.3.tiff,10
881,P10_C1_G180_Recorte_Recorte_A1_1.6.tiff,10
1016,P10_C2_G180_Recorte_Recorte_A2_1.3.tiff,10
107,P10_C1_G40_Recorte_Recorte_B_2.4.tiff,10
738,P10_C2_G120_Recorte_Recorte_A2_1.2.tiff,10
921,P10_C2_G180_Recorte_Recorte_B_2.5.tiff,10
148,P10_C2_G40_Recorte_Recorte_C_3.5.tiff,10
274,P10_C1_G80_Recorte_Recorte_A1_1.3.tiff,10
221,P10_C2_G40_Recorte_Recorte_A1_1.2.tiff,10
742,P10_C2_G120_Recorte_Recorte_A1_1.3.tiff,10
697,P10_C2_G120_Recorte_Recorte_A1_1.6.tiff,10
540,P10_C1_G120_Recorte_Recorte_A1_1.1.tiff,10
212,P10_C2_G40_Recorte_Recorte_C_3.3.tiff,10
62,P10_C2_G40_Recorte_Recorte_C_3.1.tiff,10
540,P10_C1_G120_Recorte_Recorte_A1_1.1.tiff,10
210,P10_C2_G40_Recorte_Recorte_B_2.3.tiff,10
816,P10_C1_G180_Recorte_Recorte_A1_1.4.tiff,10
671,P10_C2_G120_Recorte_Recorte_C_3.3.tiff,10
798,P10_C1_G180_Recorte_Recorte_B_2.3.tiff,10
546,P10_C1_G120_Recorte_Recorte_A2_1.3.tiff,10
112,P10_C1_G40_Recorte_Recorte_B_2.6.tiff,10
886,P10_C2_G180_Recorte_Recorte_A1_1.2.tiff,10
733,P10_C2_G120_Recorte_Recorte_C_3.2.tiff,10
107,P10_C1_G40_Recorte_Recorte_B_2.4.tiff,10
845,P10_C1_G180_Recorte_Recorte_A2_1.3.tiff,10
505,P10_C2_G80_Recorte_Recorte_A2_1.4.tiff,10
89,P10_C1_G40_Recorte_Recorte_C_3.6.tiff,10
84,P10_C1_G40_Recorte_Recorte_B_2.2.tiff,10
323,P10_C1_G80_Recorte_Recorte_A1_1.2.tiff,10
959,P10_C2_G180_Recorte_Recorte_B_2.6.tiff,10
613,P10_C2_G120_Recorte_Recorte_A1_1.1.tiff,10
437,P10_C2_G80_Recorte_Recorte_A1_1.2.tiff,10
545,P10_C1_G120_Recorte_Recorte_A1_1.3.tiff,10
1016,P10_C2_G180_Recorte_Recorte_A2_1.3.tiff,10
494,P10_C2_G80_Recorte_Recorte_B_2.2.tiff,10
203,P10_C2_G40_Recorte_Recorte_A1_1.4.tiff,10
866,P10_C1_G180_Recorte_Recorte_C_3.2.tiff,10
11,P10_C1_G40_Recorte_Recorte_A1_1.1.tiff,10
73,P10_C1_G40_Recorte_Recorte_A1_1.6.tiff,10
162,P10_C2_G40_Recorte_Recorte_C_3.6.tiff,10
651,P10_C2_G120_Recorte_Recorte_B_2.6.tiff,10
11,P10_C1_G40_Recorte_Recorte_A1_1.1.tiff,10
798,P10_C1_G180_Recorte_Recorte_B_2.3.tiff,10
155,P10_C2_G40_Recorte_Recorte_B_2.1.tiff,10
886,P10_C2_G180_Recorte_Recorte_A1_1.2.tiff,10
399,P10_C2_G80_Recorte_Recorte_B_2.4.tiff,10
959,P10_C2_G180_Recorte_Recorte_B_2.6.tiff,10
180,P10_C2_G40_Recorte_Recorte_B_2.5.tiff,10
86,P10_C1_G40_Recorte_Recorte_C_3.1.tiff,10
